subID,check
sub-S004,Done
sub-S006,Done
sub-S008,Done
sub-S009,Done
sub-S010,Done
sub-S015,Done
sub-S017,Done
sub-S019,Done
sub-S021,Done
sub-S025,Done
sub-S029,Done
sub-S031,Done
sub-S032,Done
sub-S033,Done
sub-S034,Done
sub-S035,Done
sub-S037,Done
sub-S038,Done
sub-S039,Done
sub-S040,Done
sub-S044,Done
sub-S045,Done
sub-S046,Done
sub-S055,Done
sub-S056,Done
sub-S057,Done
sub-S059,Done
sub-S061,Done
sub-S062,Done
sub-S063,Done
sub-S064,Done
sub-S066,Done
sub-S070,Done
sub-S073,Done
sub-S077,Done
sub-S087,Done
sub-S092,Done
sub-S093,Done
sub-S094,Done
sub-S095,Done
sub-S096,Done
sub-S098,Done
sub-S100,Done
sub-S105,Done
sub-S108,Done
sub-S110,Done
sub-S113,Done
sub-S114,Done
sub-S119,Done
sub-S124,Done
sub-S126,Done
sub-S127,Done
sub-S128,Done
sub-S133,Done
sub-S136,Done
sub-S139,Done
sub-S140,Done
sub-S141,Done
sub-S142,Done
sub-S143,Done
sub-S144,Done
sub-S145,Done
sub-S146,Done
sub-S148,Done
sub-S149,Done
sub-S150,Done
sub-S151,Done
sub-S153,Done
sub-S155,Done
